track_name,artist(s)_name,artist_count,released_year,in_spotify_playlists,in_spotify_charts,streams,in_apple_playlists,in_apple_charts,bpm,key
Bones,Imagine Dragons,1,2021,4198,44,838079900,98,108,114,F
Por las Noches,Peso Pluma,1,2021,457,24,330346424,8,116,92,
Ghost,Justin Bieber,1,2021,5866,24,1167330737,107,38,154,D
You Belong With Me (Taylorï¿½ï¿½ï¿½s Ve,Taylor Swift,1,2021,2619,12,350381515,47,90,130,F#
Until I Found You,Stephen Sanchez,1,2021,4427,4,726434358,69,100,202,A#
Easy On Me,Adele,1,2021,10195,20,1406111294,258,87,142,F
The Color Violet,Tory Lanez,1,2021,2585,32,415932686,3,79,105,F#
Shivers,Ed Sheeran,1,2021,10147,30,1302184087,234,71,141,D
METAMORPHOSIS,INTERWORLD,1,2021,1561,24,357580552,18,78,175,G
La Bebe,Yng Lvcas,1,2021,489,17,191945597,4,11,170,D
Yonaguni,Bad Bunny,1,2021,9644,28,1260594497,120,86,180,C#
Woman,Doja Cat,1,2021,9424,0,1329090101,202,50,108,F
I Hate U,SZA,1,2021,4094,0,356709897,66,96,107,G
ýýýabcdefu,Gayle,1,2021,7215,0,1007612429,170,12,122,E
Pepas,Farruko,1,2021,14114,17,1309887447,252,109,130,G
Take My Breath,The Weeknd,1,2021,2597,0,130655803,17,80,121,A#
good 4 u,Olivia Rodrigo,1,2021,15563,6,1887039593,259,55,166,F#
Need To Know,Doja Cat,1,2021,6672,0,1042568408,125,36,130,C#
Surface Pressure,Jessica Darrow,1,2021,1756,0,267758538,38,48,180,D
THATS WHAT I WANT,Lil Nas X,1,2021,7963,0,920797189,173,7,88,C#
MONEY,Lisa,1,2021,2566,13,863625566,44,109,140,C#
Happier Than Ever,Billie Eilish,1,2021,8476,0,1056760045,138,133,65,
Toxic,BoyWithUke,1,2021,1795,0,582981380,34,23,180,G#
drivers license,Olivia Rodrigo,1,2021,12685,3,1858144199,185,61,144,A#
All Too Well (10 Minute Version) (Taylor's Version) (From The Vault),Taylor Swift,1,2021,4635,5,583687007,50,49,93,
Oh My God,Adele,1,2021,4431,0,466214729,105,7,88,C#
I AM WOMAN,Emmy Meli,1,2021,2795,0,225259194,45,0,170,A#
It'll Be Okay,Shawn Mendes,1,2021,1950,0,287201015,56,8,78,G
Super Gremlin,Kodak Black,1,2021,2551,0,342779426,52,15,73,D
Tacones Rojos,Sebastian Yatra,1,2021,3047,9,510876816,77,31,123,B
Butter,BTS,1,2021,4779,6,1143647827,180,135,110,G#
deja vu,Olivia Rodrigo,1,2021,7545,4,1256880657,117,39,181,A
TO THE MOON,Jnr Choi,1,2021,2979,0,245095641,44,0,144,D
Dos Oruguitas,Sebastian Yatra,1,2021,925,0,167076418,24,47,94,
Acapulco,Jason Derulo,1,2021,3098,0,363467642,111,5,122,A#
ELEVEN,IVE,1,2021,521,1,247737946,17,89,120,A
DANCE CRIP,Trueno,1,2021,731,0,198883004,14,14,106,
happier,Olivia Rodrigo,1,2021,3069,4,850608354,25,46,169,F#
Praise God,Kanye West,1,2021,4651,0,376333030,24,6,118,C#
Get Into It (Yuh),Doja Cat,1,2021,4999,0,516784627,43,19,92,G#
Sobrio,Maluma,1,2021,3506,10,513643924,103,76,178,F
favorite crime,Olivia Rodrigo,1,2021,3681,0,783706581,20,21,173,A
As It Was,Harry Styles,1,2022,23575,130,2513188493,403,198,174,F#
Kill Bill,SZA,1,2022,8109,77,1163093654,183,162,89,G#
Anti-Hero,Taylor Swift,1,2022,9082,56,999748277,242,142,97,E
I Ain't Worried,OneRepublic,1,2022,8431,76,1085685420,241,127,140,
La Bachata,Manuel Turizo,1,2022,6804,45,1214083358,139,111,125,G
Karma,Taylor Swift,1,2022,3818,23,404562836,37,55,90,G#
People,Libianca,1,2022,3506,56,373199958,105,64,198,A#
golden hour,JVKE,1,2022,4511,36,751134527,70,58,94,C#
Here With Me,d4vd,1,2022,3246,23,635412045,94,85,132,E
Snooze,SZA,1,2022,2839,25,399686758,58,156,143,F
Primera Cita,Carin Leon,1,2022,266,27,77309611,6,40,158,A#
Tak Segampang Itu,Anggi Marito,1,2022,213,6,179659294,7,6,130,F
Nonsense,Sabrina Carpenter,1,2022,2346,27,342897938,69,12,139,G#
Feliz Cumpleaï¿½ï¿½os Fe,Feid,1,2022,3430,38,601863821,45,69,95,F
Romantic Homicide,d4vd,1,2022,2335,23,681583126,82,55,132,F#
SNAP,Rosa Linn,1,2022,3202,18,726307468,148,80,170,
Titi Me Preguntï¿,Bad Bunny,1,2022,9037,42,1264310836,124,133,107,F
Ditto,NewJeans,1,2022,1154,22,397582059,28,125,134,F#
CHORRITO PA LAS ANIMAS,Feid,1,2022,2321,36,345031710,29,65,96,G#
Players,Coi Leray,1,2022,4096,6,335074782,118,48,105,F#
Normal,Feid,1,2022,2461,36,459276435,47,66,170,E
Bad Habit,Steve Lacy,1,2022,8186,12,822633917,155,72,169,C#
CUFF IT,Beyoncï¿,1,2022,7842,10,595900742,215,88,115,G
Lavender Haze,Taylor Swift,1,2022,3763,8,488386797,51,43,97,A#
Efecto,Bad Bunny,1,2022,4004,33,1047480053,34,65,98,G
Just Wanna Rock,Lil Uzi Vert,1,2022,3995,13,457184829,72,27,150,B
Glimpse of Us,Joji,1,2022,6330,6,988515741,109,42,170,G#
ceilings,Lizzy McAlpine,1,2022,3242,9,293186992,67,55,148,A
Slut Me Out,NLE Choppa,1,2022,816,4,190490915,21,4,121,F#
PROVENZA,Karol G,1,2022,6587,34,885093467,114,104,111,C#
Komang,Raim Laode,1,2022,158,4,137123880,5,6,134,G
DESPECHï¿,ROSALï¿½,1,2022,7613,33,782369383,180,90,130,G
Made You Look,Meghan Trainor,1,2022,3956,6,502574952,142,23,145,A#
No Se Va,Grupo Frontera,1,2022,924,18,404887295,17,80,173,
Punto G,Quevedo,1,2022,1985,35,381161027,34,26,92,B
Shut Down,BLACKPINK,1,2022,1524,17,482175240,53,120,110,
Late Night Talking,Harry Styles,1,2022,7461,8,743693613,166,42,115,A#
Leï¿½,Marï¿½ï¿½lia Mendo,1,2022,993,4,267789608,30,84,130,F#
Something in the Orange,Zach Bryan,1,2022,3282,12,449701773,67,84,110,G
Midnight Rain,Taylor Swift,1,2022,2612,4,433356509,19,29,140,
You Proof,Morgan Wallen,1,2022,2128,9,367814306,37,88,120,A
Malas Decisiones,Kenia OS,1,2022,542,2,156214700,23,2,110,G#
Murder In My Mind,Kordhell,1,2022,2459,20,448843705,20,68,120,A#
Low,SZA,1,2022,1911,0,272377463,23,71,145,
One Thing At A Time,Morgan Wallen,1,2022,811,4,148469433,11,58,142,G
LET GO,Central Cee,1,2022,2301,20,298063749,49,23,146,D
SPIT IN MY FACE!,ThxSoMch,1,2022,629,14,303216294,32,3,94,G#
Kahani Suno 2.0,Kaifi Khalil,1,2022,162,6,156777415,1,10,140,B
Nobody Gets Me,SZA,1,2022,2536,6,284908316,59,100,100,G
Hype Boy,NewJeans,1,2022,892,17,363472647,20,119,100,E
Thought You Should Know,Morgan Wallen,1,2022,968,4,203221468,16,53,140,F#
Zona De Perigo,Leo Santana,1,2022,531,4,134294498,20,1,135,F
Lovezinho,Treyce,1,2022,242,0,70069745,12,2,128,E
Neverita,Bad Bunny,1,2022,2590,30,671365962,20,64,122,A#
Vista Al Mar,Quevedo,1,2022,1769,34,362361576,16,19,105,
About Damn Time,Lizzo,1,2022,2332,2,723894473,0,0,109,A#
Maan Meri Jaan,King,1,2022,288,6,319566866,11,80,96,F#
Moscow Mule,Bad Bunny,1,2022,4572,33,909001996,74,113,100,F
ANTIFRAGILE,LE SSERAFIM,1,2022,761,12,301051721,23,95,105,A#
Boy's a liar,PinkPantheress,1,2022,1225,0,156338624,27,0,133,F
Shirt,SZA,1,2022,3469,0,309653982,71,95,120,D#
Lift Me Up - From Black Panther: Wakanda Forever - Music From and Inspired By,Rihanna,1,2022,3311,0,297328960,129,31,177,A
STAR WALKIN' (League of Legends Worlds Anthem),Lil Nas X,1,2022,2616,0,332506354,113,17,142,D
Calm Down,Rï¿½ï,1,2022,4013,10,445763624,107,44,107,B
TV,Billie Eilish,1,2022,3009,2,338564981,68,89,141,E
Pink Venom,BLACKPINK,1,2022,1963,16,551305895,57,119,90,
How Do I Say Goodbye,Dean Lewis,1,2022,2163,15,284785823,72,97,82,G#
Blind,SZA,1,2022,1484,0,163284000,22,51,114,A
Die For You,Joji,1,2022,1703,0,246390068,38,45,148,G#
Doja,Central Cee,1,2022,4169,44,482257456,57,44,140,F#
Gatita,Bellakath,1,2022,1054,0,168684524,9,0,101,G
Super Freaky Girl,Nicki Minaj,1,2022,4827,0,428685680,104,17,133,D
Limbo,Freddie Dredd,1,2022,688,0,199386237,14,1,75,B
KICK BACK,Kenshi Yonezu,1,2022,574,4,210038833,38,101,102,C#
Evergreen (You Didnï¿½ï¿½ï¿½t Deserve Me A,Omar Apollo,1,2022,2499,0,227918678,70,0,82,A
Shut up My Moms Calling - (Sped Up),Hotel Ugly,1,2022,713,7,181831132,2,4,85,F
"You're On Your Own, Kid",Taylor Swift,1,2022,2537,2,348647203,8,18,120,D
Seek & Destroy,SZA,1,2022,1007,0,98709329,5,31,152,C#
Love Language,SZA,1,2022,1127,0,110849052,16,63,65,A
Special,SZA,1,2022,906,0,88092256,6,21,76,
SOS,SZA,1,2022,827,0,73981293,6,18,119,G
Gone Girl,SZA,1,2022,892,0,65362788,3,17,150,F
F2F,SZA,1,2022,989,0,67540165,5,9,90,D
Notice Me,SZA,1,2022,819,0,62019074,14,22,160,F
Wild Flower (with youjeen),RM,1,2022,353,2,135611421,2,74,155,G#
SPIT IN MY FACE!,ThxSoMch,1,2022,573,0,301869854,1,0,166,C#
Smoking on my Ex Pack,SZA,1,2022,811,0,57144458,6,11,81,G#
Conceited,SZA,1,2022,899,0,56870689,2,14,150,C#
Maroon,Taylor Swift,1,2022,2304,0,317726339,12,16,108,G
Bejeweled,Taylor Swift,1,2022,2699,0,328207708,39,35,164,G
Too Late,SZA,1,2022,714,0,49262961,0,9,128,B
Far,SZA,1,2022,680,0,51641685,2,15,116,D
Sacrifice,The Weeknd,1,2022,4440,0,326792833,81,77,122,G
Is There Someone Else?,The Weeknd,1,2022,2881,6,391251368,13,89,135,A
Out of Time,The Weeknd,1,2022,3711,0,339659802,49,88,93,
How Do I Make You Love Me?,The Weeknd,1,2022,1915,0,119238316,7,47,121,G
Gasoline,The Weeknd,1,2022,2297,0,116903579,11,29,123,F#
Less Than Zero,The Weeknd,1,2022,2800,0,200660871,18,77,143,
Best Friends,The Weeknd,1,2022,1292,0,101114984,3,18,87,E
Dawn FM,The Weeknd,1,2022,811,0,53933526,1,8,78,A
Starry Eyes,The Weeknd,1,2022,1014,0,74601456,1,17,86,A
Donï¿½ï¿½ï¿½t Break My,The Weeknd,1,2022,1184,0,63803529,1,5,122,A#
A Tale By Quincy,The Weeknd,1,2022,733,0,41924466,0,2,94,F
Every Angel is Terrifying,The Weeknd,1,2022,715,0,37307967,0,1,118,
Lï¿½ï¿½ï¿,Stromae,1,2022,2035,0,108809090,41,122,88,D
Phantom Regret by Jim,The Weeknd,1,2022,768,0,31959571,1,1,108,A
Miserable Man,David Kushner,1,2022,788,0,124407432,13,0,110,A#
LALA,Myke Towers,1,2023,1474,48,133716286,48,126,92,C#
vampire,Olivia Rodrigo,1,2023,1397,113,140003974,94,207,138,F
WHERE SHE GOES,Bad Bunny,1,2023,3133,50,303236322,84,133,144,A
Columbia,Quevedo,1,2023,714,43,58149378,25,89,100,F
fukumean,Gunna,1,2023,1096,83,95217315,60,210,130,C#
Super Shy,NewJeans,1,2023,422,55,58255150,37,202,150,F
Flowers,Miley Cyrus,1,2023,12211,115,1316855716,300,215,118,
Daylight,David Kushner,1,2023,3528,98,387570742,80,156,130,D
Cupid - Twin Ver.,Fifty Fifty,1,2023,2942,77,496795686,91,212,120,B
"What Was I Made For? [From The Motion Picture ""Barbie""]",Billie Eilish,1,2023,873,104,30546883,80,227,78,
Like Crazy,Jimin,1,2023,596,68,363369738,8,104,120,G
I Can See You (Taylorï¿½ï¿½ï¿½s Version) (From The ,Taylor Swift,1,2023,516,38,52135248,73,119,123,F#
SABOR FRESA,Fuerza Regida,1,2023,250,26,78300654,16,149,130,G
Last Night,Morgan Wallen,1,2023,2420,19,429829812,52,107,204,F#
Dance The Night (From Barbie The Album),Dua Lipa,1,2023,2988,101,127408954,0,0,110,B
Rush,Troye Sivan,1,2023,864,78,22581161,71,135,126,F
TQM,Fuerza Regida,1,2023,584,28,176553476,16,159,125,F
AMARGURA,Karol G,1,2023,1133,39,153372011,14,71,107,F#
(It Goes Like) Nanana - Edit,Peggy Gou,1,2023,2259,59,57876440,0,0,130,G
Moonlight,Kali Uchis,1,2023,2649,42,256483385,67,79,137,G
S91,Karol G,1,2023,525,41,16011326,34,115,128,
Overdrive,Post Malone,1,2023,410,36,14780425,36,32,140,C#
Enchanted (Taylor's Version),Taylor Swift,1,2023,148,24,39578178,32,93,82,G#
CORAZï¿½ï¿½N VA,Maria Becerra,1,2023,370,20,43857627,12,16,98,C#
Back To December (Taylor's Version),Taylor Swift,1,2023,139,17,39228929,16,72,142,D
Fast Car,Luke Combs,1,2023,1446,12,157058870,57,97,98,G#
What It Is (Solo Version),Doechii,1,2023,804,25,95131998,29,76,172,C#
Say Yes To Heaven,Lana Del Rey,1,2023,2000,46,127567540,49,105,100,F#
Take Two,BTS,1,2023,674,47,118482347,20,106,93,G
Chemical,Post Malone,1,2023,2528,39,172825906,56,91,170,D
New Jeans,NewJeans,1,2023,77,35,29562220,8,166,134,E
Mine (Taylor's Version),Taylor Swift,1,2023,99,15,36912123,21,52,121,G
Tattoo,Loreen,1,2023,2988,59,201660859,74,102,150,D#
Queencard,(G)I-DLE,1,2023,451,33,96273746,10,126,130,E
OMG,NewJeans,1,2023,1783,27,430977451,26,124,127,A
El Gordo Trae El Mando,Chino Pacas,1,2023,539,21,255932395,7,71,140,G
Mi Bello Angel,Natanael Cano,1,2023,86,8,31873544,7,76,128,A
Bye,Peso Pluma,1,2023,324,14,95053634,13,110,122,
ýýýýýýýýýýýý,YOASOBI,1,2023,356,16,143573775,35,102,166,C#
Cheques,Shubh,1,2023,67,8,47956378,7,10,90,E
Better Than Revenge (Taylor's Version),Taylor Swift,1,2023,86,11,30343206,3,33,146,B
Acrï¿½ï¿½s,Shakira,1,2023,955,29,123124076,37,50,144,B
S-Class,Stray Kids,1,2023,290,19,65496046,9,101,105,F
Hits Different,Taylor Swift,1,2023,547,0,68616963,15,15,106,F
FLOWER,JISOO,1,2023,839,18,232896922,20,110,124,A
Eyes Closed,Ed Sheeran,1,2023,2915,30,195576623,116,69,107,D
Bite Me,ENHYPEN,1,2023,349,69,76767396,8,96,105,C#
Search & Rescue,Drake,1,2023,2066,6,175097833,58,70,142,A#
Erro Gostoso - Ao Vivo,Simone Mendes,1,2023,984,5,153454328,8,57,154,F#
Cupido,Tini,1,2023,1240,24,217672943,51,29,120,A
Oi Balde - Ao Vivo,Zï¿½ï¿½ Neto & Crist,1,2023,845,2,145458418,12,57,108,D
Curtains,Ed Sheeran,1,2023,715,0,39893489,37,3,176,F#
Haegeum,Agust D,1,2023,244,12,118810253,6,84,85,G
MIENTRAS ME CURO DEL CORA,Karol G,1,2023,1020,35,206399629,15,26,80,
Never Felt So Alone,Labrinth,1,2023,1730,3,117747907,46,5,98,F
Cupid,Fifty Fifty,1,2023,526,10,139681964,15,93,120,D
I AM,IVE,1,2023,366,15,123132751,16,102,122,E
Super,SEVENTEEN,1,2023,271,12,91221625,16,103,137,G#
Set Me Free Pt.2,Jimin,1,2023,340,13,168448603,4,71,132,
Like Crazy (English Version),Jimin,1,2023,373,19,173627354,4,72,120,G
REMIX EXCLUSIVO,Feid,1,2023,1235,9,117206995,20,8,87,F
HAPPY,NF,1,2023,660,0,52722996,22,7,106,G
VOID,Melanie Martinez,1,2023,596,0,67070410,29,9,100,A
If We Ever Broke Up,Mae Stephens,1,2023,2040,4,165584767,81,27,116,G
Peaches (from The Super Mario Bros. Movie),Jack Black,1,2023,34,0,68216992,0,0,92,A#
Ainï¿½ï¿½ï¿½t Tha,Morgan Wallen,1,2023,356,4,88791109,4,20,121,F#
Thinkinï¿½ï¿½ï¿½ B,Morgan Wallen,1,2023,604,6,125917280,22,101,140,D#
Everything I Love,Morgan Wallen,1,2023,579,0,95623148,11,54,104,G#
Heaven,Niall Horan,1,2023,1553,2,144584800,61,6,92,F
Sial,Mahalini,1,2023,134,4,166570053,4,6,120,D
I Wrote The Book,Morgan Wallen,1,2023,430,0,83021468,15,17,144,D
Red Ruby Da Sleeze,Nicki Minaj,1,2023,1168,0,81419389,45,11,98,C#
ýýý98 Braves,Morgan Wallen,1,2023,282,0,56533272,6,15,142,D
WANDA,Quevedo,1,2023,888,22,175399345,11,24,176,E
Love Again,The Kid Laroi,1,2023,1283,0,147538971,57,4,107,B
Born With A Beer In My Hand,Morgan Wallen,1,2023,203,0,34450974,5,9,148,
Devil Donï¿½ï¿½ï¿½,Morgan Wallen,1,2023,166,0,32526947,2,10,125,
LLYLM,ROSALï¿½,1,2023,1838,0,124988687,105,41,170,F#
TRUSTFALL,P!nk,1,2023,2098,16,134255790,88,24,122,G#
Sugar Rush Ride,TOMORROW X TOGETHER,1,2023,359,0,107642809,12,56,125,A#
STAY (with Justin Bieber),"Justin Bieber, The Kid Laroi",2,2021,17050,36,2665343922,492,99,170,C#
Sunroof,"Nicky Youre, Dazy",2,2021,3741,17,652704649,156,35,131,A#
My Universe,"Coldplay, BTS",2,2021,6127,13,1061966512,0,0,105,A
INDUSTRY BABY (feat. Jack Harlow),"Jack Harlow, Lil Nas X",2,2021,13315,0,1814349763,300,47,150,D#
Where Are You Now,"Lost Frequencies, Calum Scott",2,2021,10565,44,972509632,238,122,121,F#
Desesperados,"Chencho Corleone, Rauw Alejandro",2,2021,6821,34,809306935,83,58,90,C#
Do It To It,"Cherish, ACRAZE",2,2021,12403,0,674772936,183,63,125,B
Kiss Me More (feat. SZA),"SZA, Doja Cat",2,2021,15867,0,1575467011,382,65,111,G#
One Right Now (with The Weeknd),"The Weeknd, Post Malone",2,2021,4771,0,539595276,68,18,97,C#
The Motto,"Tiï¿½ï¿½sto, Ava",2,2021,9151,6,656013912,240,107,118,G
Moth To A Flame (with The Weeknd),"The Weeknd, Swedish House Mafia",2,2021,7495,17,611994237,114,172,120,
traitor,"Juan Cruz Toledo, Huilen Toledo",2,2021,5257,6,1230855859,85,43,176,D#
Volvï¿,"Aventura, Bad Bunny",2,2021,5375,10,673801126,138,24,176,C#
"Tiago PZK: Bzrp Music Sessions, Vol. 48","Bizarrap, Tiago pzk",2,2021,1678,12,374191487,20,4,96,C#
You Right,"Doja Cat, The Weeknd",2,2021,5073,0,672656250,83,9,129,G#
Salimo de Noche,"Trueno, Tiago pzk",2,2021,1057,0,261414174,17,5,84,D
Don't Be Shy,"Tiï¿½ï¿½sto, Kar",2,2021,6026,0,566954746,171,51,120,B
LA FAMA (with The Weeknd),"The Weeknd, ROSALï¿½",2,2021,4640,3,374706940,81,93,136,
What Else Can I Do?,"Stephanie Beatriz, Diane Guerrero",2,2021,802,0,154797871,13,27,120,E
Peru,"Ed Sheeran, Fireboy DML",2,2021,2999,0,261286503,60,17,108,G
Calm Down (with Selena Gomez),"Rï¿½ï¿½ma, Selena G",2,2022,7112,77,899183384,202,119,107,B
I'm Good (Blue),"Bebe Rexha, David Guetta",2,2022,12482,80,1109433169,291,184,128,G
Hey Mor,"Ozuna, Feid",2,2022,4637,38,674072710,63,79,98,C#
"Quevedo: Bzrp Music Sessions, Vol. 52","Bizarrap, Quevedo",2,2022,8506,45,1356565093,94,65,128,D
Unholy (feat. Kim Petras),"Sam Smith, Kim Petras",2,2022,8576,42,1230675890,216,108,131,D
Yandel 150,"Yandel, Feid",2,2022,3618,38,585695368,47,74,168,F#
Until I Found You (with Em Beihold) - Em Beihold Version,"Em Beihold, Stephen Sanchez",2,2022,2790,30,600976848,60,96,101,A#
Me Porto Bonito,"Chencho Corleone, Bad Bunny",2,2022,8870,43,1440757818,104,120,92,C#
Que Vuelvas,"Carin Leon, Grupo Frontera",2,2022,763,26,2762,21,110,162,A#
Ojitos Lindos,"Bomba Estï¿½ï¿½reo, Bad B",2,2022,6135,38,1133865788,71,113,80,D#
Jimmy Cooks (feat. 21 Savage),"Drake, 21 Savage",2,2022,5871,27,618885532,81,121,163,
Bebe Dame,"Fuerza Regida, Grupo Frontera",2,2022,849,22,367316268,27,129,157,G
Obsessed,"Abhijay Sharma, Riar Saab",2,2022,161,6,71007139,10,79,135,F
Escapism.,"RAYE, 070 Shake",2,2022,5129,25,532336353,116,84,96,D
La Jumpa,"Arcangel, Bad Bunny",2,2022,3794,34,538115192,47,77,123,G#
Ch y la Pizza,"Fuerza Regida, Natanael Cano",2,2022,536,10,288101651,10,72,149,G#
Rich Flex,"Drake, 21 Savage",2,2022,4657,18,573633020,84,84,153,B
Igualito a Mi Apï¿,"Fuerza Regida, Peso Pluma",2,2022,265,6,158950978,8,84,145,E
En Paris,"El Chachito, Junior H",2,2022,406,5,198275403,3,31,139,D#
Gato de Noche,"Nengo Flow, Bad Bunny",2,2022,2651,30,304118600,21,55,94,G#
10:35,"Tiï¿½ï¿½sto, Tate M",2,2022,4942,26,325592432,190,104,120,G#
LA INOCENTE,"Feid, Mora",2,2022,2598,37,477033549,28,57,92,F
CAIRO,"Karol G, Ovy On The Drums",2,2022,2418,26,294352144,52,66,115,F
Miss You,"Robin Schulz, Oliver Tree",2,2022,5730,10,497225336,108,16,145,F#
"Apna Bana Le (From ""Bhediya"")","Arijit Singh, Sachin-Jigar",2,2022,86,0,139836056,11,101,94,A
PLAYA DEL INGLï¿½,"Myke Towers, Quevedo",2,2022,1701,15,221409663,30,15,113,G
Monotonï¿½,"Ozuna, Shakira",2,2022,3645,15,380726517,118,34,132,
I Like You (A Happier Song) (with Doja Cat),"Post Malone, Doja Cat",2,2022,5281,14,609293408,94,21,101,F
Sem Alianï¿½ï¿½a no ,"MC Xenon, Os Gemeos da Putaria",2,2022,454,4,93587665,6,1,83,C#
Bombonzinho - Ao Vivo,"Israel & Rodolffo, Ana Castela",2,2022,1254,6,263453310,26,69,158,C#
Quï¿½ï¿½ Ago,"Yuridia, Angela Aguilar",2,2022,660,15,236857112,19,59,98,B
Besos Moja2,"Wisin & Yandel, ROSALï¿½",2,2022,2460,13,309483971,53,7,94,F
Escapism. - Sped Up,"RAYE, 070 Shake",2,2022,1368,0,184308753,12,1,108,F#
Te Felicito,"Shakira, Rauw Alejandro",2,2022,4796,9,606361689,124,66,174,F
Eu Gosto Assim - Ao Vivo,"Gustavo Mioto, Mari Fernandez",2,2022,1473,4,222612678,27,64,154,
PUNTO 40,"Baby Rasta, Rauw Alejandro",2,2022,3006,12,304079786,54,32,107,
WORTH NOTHING,"Twisted, Oliver Tree",2,2022,1612,0,213438580,34,54,140,D
Ferrari,"James Hype, Miggy Dela Rosa",2,2022,7758,28,462791599,173,79,125,C#
Used (feat. Don Toliver),"SZA, Don Toliver",2,2022,1042,0,94005786,7,29,150,A#
Ghost in the Machine (feat. Phoebe Bridgers),"SZA, Phoebe Bridgers",2,2022,1634,0,110073250,16,20,125,F#
Open Arms (feat. Travis Scott),"SZA, Travis Scott",2,2022,1420,4,155653938,13,87,78,A
Antidepresan,"Mabel Matiz, Mert Demir",2,2022,313,2,136689549,10,6,100,B
Raindrops (Insane) [with Travis Scott],"Travis Scott, Metro Boomin",2,2022,880,0,110649992,3,7,112,G#
Snow On The Beach (feat. Lana Del Rey),"Taylor Swift, Lana Del Rey",2,2022,2415,0,323437194,33,57,110,A
Tarot,"Bad Bunny, Jhay Cortez",2,2022,2482,20,608228647,27,77,114,B
Party,"Bad Bunny, Rauw Alejandro",2,2022,3185,4,614555082,38,64,97,A
On Time (with John Legend),"John Legend, Metro Boomin",2,2022,398,0,78139948,2,2,80,F
GATï¿½ï¿½,"Maldy, Karol G",2,2022,3328,13,322336177,39,50,93,B
I Heard You're Married (feat. Lil Wayne),"The Weeknd, Lil Wayne",2,2022,1178,0,91656026,9,10,110,D
thought i was playing,"21 Savage, Gunna",2,2022,807,0,60680939,3,0,148,C#
Seven (feat. Latto) (Explicit Ver.),"Latto, Jung Kook",2,2023,553,147,141381703,43,263,125,B
Sprinter,"Dave, Central Cee",2,2023,2186,91,183706234,67,213,141,C#
Ella Baila Sola,"Eslabon Armado, Peso Pluma",2,2023,3090,50,725980112,34,222,148,F
La Bebe - Remix,"Peso Pluma, Yng Lvcas",2,2023,2953,44,553634067,49,110,170,D
un x100to,"Bad Bunny, Grupo Frontera",2,2023,2876,40,505671438,41,205,83,F#
Classy 101,"Feid, Young Miko",2,2023,2610,40,335222234,43,100,100,B
"Peso Pluma: Bzrp Music Sessions, Vol. 55","Bizarrap, Peso Pluma",2,2023,1313,40,200647221,17,152,133,F
MOJABI GHOST,"Tainy, Bad Bunny",2,2023,859,40,61245289,35,109,122,F#
TULUM,"Peso Pluma, Grupo Frontera",2,2023,266,34,52294266,20,185,168,F#
TQG,"Karol G, Shakira",2,2023,4284,49,618990393,115,123,180,E
Frï¿½ï¿½gil (feat. Grupo Front,"Yahritza Y Su Esencia, Grupo Frontera",2,2023,672,34,188933502,19,108,150,F#
El Azul,"Junior H, Peso Pluma",2,2023,692,25,354495408,10,107,144,A
Die For You - Remix,"Ariana Grande, The Weeknd",2,2023,3408,47,518745108,87,86,67,C#
Tï¿½ï¿,"dennis, MC Kevin o Chris",2,2023,731,15,111947664,27,17,130,B
Boy's a liar Pt. 2,"PinkPantheress, Ice Spice",2,2023,5184,41,156338624,154,84,133,F
BESO,"Rauw Alejandro, ROSALï¿½",2,2023,4053,50,357925728,82,121,95,F
BABY HELLO,"Rauw Alejandro, Bizarrap",2,2023,1004,35,54266102,42,80,130,C#
Novidade na ï¿½ï¿,"Mc Livinho, DJ Matt D",2,2023,267,9,39709092,9,6,130,F
El Merengue,"Marshmello, Manuel Turizo",2,2023,2114,44,223633238,80,75,124,G#
Coco Chanel,"Bad Bunny, Eladio Carrion",2,2023,1962,38,250305248,28,89,150,D
All My Life (feat. J. Cole),"J. Cole, Lil Durk",2,2023,2175,23,144565150,69,145,143,D#
LAGUNAS,"Jasiel Nuï¿½ï¿½ez, Peso P",2,2023,58,18,39058561,2,106,116,B
Rara Vez,"Taiu, Milo j",2,2023,893,38,248088961,19,23,120,F
LUNA,"Junior H, Peso Pluma",2,2023,201,11,55842345,19,117,128,A
Miracle (with Ellie Goulding),"Calvin Harris, Ellie Goulding",2,2023,5120,48,211050784,161,115,143,A
"Rauw Alejandro: Bzrp Music Sessions, Vol. 56","Rauw Alejandro, Bizarrap",2,2023,871,32,66902503,25,59,128,B
"Shakira: Bzrp Music Sessions, Vol. 53","Shakira, Bizarrap",2,2023,5724,44,721975598,119,108,122,D
"Gol Bolinha, Gol Quadrado 2","Mc Pedrinho, DJ 900",2,2023,293,8,11956641,5,2,133,B
Nosso Quadro,"Ana Castela, AgroPlay",2,2023,894,9,233801632,14,88,160,A
PRC,"Natanael Cano, Peso Pluma",2,2023,961,26,436027885,19,143,138,G
Fin de Semana,"Oscar Maydon, Junior H",2,2023,592,14,307370144,11,84,98,
Chanel,"Becky G, Peso Pluma",2,2023,681,10,161460990,15,92,132,D
Self Love (Spider-Man: Across the Spider-Verse) (Metro Boomin & Coi Leray),"Metro Boomin, Coi Leray",2,2023,332,5,70106975,18,41,120,A
Area Codes,"Kaliii, Kaliii",2,2023,1197,13,113509496,44,34,155,C#
Abcdario,"Junior H, Eden Muï¿½ï",2,2023,262,5,89933133,8,60,129,G#
Piï¿½ï¿½man Deï¿,"Semicenk, Doï¿½ï¿½u ",2,2023,185,3,43522589,5,6,98,A#
Karma (feat. Ice Spice),"Taylor Swift, Ice Spice",2,2023,588,0,46142772,23,21,90,G#
Las Morras,"BLESSD, Peso Pluma",2,2023,291,8,127026613,8,78,133,A
Snow On The Beach (feat. More Lana Del Rey),"Lana Del Rey, Taylor Swift",2,2023,359,2,60350538,1,0,110,F#
Stand By Me (feat. Morgan Wallen),"Lil Durk, Morgan Wallen",2,2023,381,5,46065667,23,82,134,B
Hummingbird (Metro Boomin & James Blake),"James Blake, Metro Boomin",2,2023,277,1,39666245,1,20,81,F#
Seu Brilho Sumiu - Ao Vivo,"Israel & Rodolffo, Mari Fernandez",2,2023,967,5,138517666,7,29,154,F#
Lilith (feat. SUGA of BTS) (Diablo IV Anthem),"Halsey, Suga",2,2023,215,6,51985779,6,14,84,A
69,"Nicky Jam, Feid",2,2023,1134,22,57945987,39,14,93,G#
Niï¿½ï¿½a Bo,"Sean Paul, Feid",2,2023,1305,34,115010040,29,26,91,G
AMERICA HAS A PROBLEM (feat. Kendrick Lamar),"Kendrick Lamar, Beyoncï¿",2,2023,896,0,57089066,34,2,126,C#
Cartï¿½ï¿½o B,"MC Caverinha, KayBlack",2,2023,269,4,71573339,7,2,108,A
Danger (Spider) (Offset & JID),"Offset, JID",2,2023,214,0,24975653,3,3,143,B
UNFORGIVEN (feat. Nile Rodgers),"Nile Rodgers, LE SSERAFIM",2,2023,327,13,92035115,14,110,104,E
Conexï¿½ï¿½es de Mï¿½ï¿½fia (feat. Rich ,"Rich The Kid, Matuï¿",2,2023,385,4,77233241,17,7,117,F#
X SI VOLVEMOS,"Karol G, Romeo Santos",2,2023,2127,33,266624541,45,80,178,C#
Shorty Party,"Cartel De Santa, La Kelly",2,2023,432,12,162887075,8,14,96,D
Double Fantasy (with Future),"The Weeknd, Future",2,2023,1169,0,96180277,36,65,119,A
Princess Diana (with Nicki Minaj),"Nicki Minaj, Ice Spice",2,2023,1444,4,104992946,0,0,148,A
Di Que Si,"Grupo Marca Registrada, Grupo Frontera",2,2023,356,10,147290338,4,64,182,A
Shoong! (feat. LISA of BLACKPINK),"TAEYANG, Lisa",2,2023,351,9,76910644,16,90,110,B
Mami Chula,"Quevedo, Jhayco",2,2023,875,4,61105704,17,13,120,G
Don't ever say love me (feat. RM of BTS),"RM, Colde",2,2023,105,0,34502215,5,9,145,B
Rosa Pastel,"Jasiel Nuï¿½ï¿½ez, Peso P",2,2023,200,4,90025258,8,77,123,G
People Pt.2 (feat. IU),"IU, Agust D",2,2023,209,4,95816024,4,45,89,G
"Arcï¿½ï¿½ngel: Bzrp Music Sessions, Vol","Arcangel, Bizarrap",2,2023,654,3,100409613,11,3,124,B
DOGTOOTH,"Tyler, The Creator",2,2023,1479,0,80758350,23,0,78,G#
SORRY NOT SORRY,"Tyler, The Creator",2,2023,709,0,58473276,8,1,96,F#
I Know - PR1SVX Edit,"Kanii, PR1ISVX",2,2023,407,0,77377503,16,15,134,B
Dijeron Que No La Iba Lograr,"Fuerza Regida, Chino Pacas",2,2023,320,6,116334601,5,48,142,G
Tormenta (feat. Bad Bunny),"Gorillaz, Bad Bunny",2,2023,1529,0,149778242,32,18,95,
on the street (with J. Cole),"j-hope, J. Cole",2,2023,615,2,116599790,22,82,94,B
Man Made A Bar (feat. Eric Church),"Morgan Wallen, Eric Church",2,2023,329,0,58890931,14,35,148,E
PERO Tï¿,"Karol G, Quevedo",2,2023,387,11,93438910,11,15,140,F#
VIBE (feat. Jimin of BTS),"TAEYANG, Jimin",2,2023,415,2,152850295,15,40,100,
Muï¿½ï¿½,"Steve Aoki, Tini, La Joaqui",3,2023,658,6,120972253,33,7,90,A#
